<?xml version="1.0" encoding="UTF-8"?>
<!DOCTYPE mapper PUBLIC "-//mybatis.org//DTD Mapper 3.0//EN" "http://mybatis.org/dtd/mybatis-3-mapper.dtd">
<mapper namespace="cn.aia.evan.mapper.UserMapper">

    <!-- 通用查询映射结果 -->
    <resultMap id="BaseResultMap" type="cn.aia.evan.entity.User">
        <id column="uid" property="uid" />
        <result column="name" property="name" />
        <result column="birthday" property="birthday" />
        <result column="password" property="password" />
    </resultMap>


    <select id="findAll" resultMap="BaseResultMap">
        select * from user;
    </select>


</mapper>
